{"type":"canvas","shape":"square","width":500,"height":500,"data":"https://qr-code-styling.com","margin":15,"qrOptions":{"typeNumber":"0","mode":"Byte","errorCorrectionLevel":"H"},"imageOptions":{"saveAsBlob":true,"hideBackgroundDots":true,"imageSize":0.4,"margin":0},"dotsOptions":{"type":"rounded","color":"#000000","roundSize":true},"backgroundOptions":{"round":0,"color":"#ffffff"},"image":null,"dotsOptionsHelper":{"colorType":{"single":true,"gradient":false},"gradient":{"linear":true,"radial":false,"color1":"#6a1a4c","color2":"#6a1a4c","rotation":"0"}},"cornersSquareOptions":{"type":"","color":"#000000"},"cornersSquareOptionsHelper":{"colorType":{"single":true,"gradient":false},"gradient":{"linear":true,"radial":false,"color1":"#000000","color2":"#000000","rotation":"0"}},"cornersDotOptions":{"type":"","color":"#000000"},"cornersDotOptionsHelper":{"colorType":{"single":true,"gradient":false},"gradient":{"linear":true,"radial":false,"color1":"#000000","color2":"#000000","rotation":"0"}},"backgroundOptionsHelper":{"colorType":{"single":true,"gradient":false},"gradient":{"linear":true,"radial":false,"color1":"#ffffff","color2":"#ffffff","rotation":"0"}}}